{"posicion":{"x":6.113965034484863,"y":3.2939674854278566,"z":0.0}}