{"posicion":{"x":6.455394744873047,"y":-1.304227352142334,"z":0.0}}