{"posicion":{"x":-3.7069191932678224,"y":1.042426347732544,"z":0.0}}