{"posicion":{"x":-11.329460144042969,"y":9.420849800109864,"z":0.0}}