{"posicion":{"x":-3.8740055561065676,"y":14.484658241271973,"z":0.0}}